-- Dumping data for table birds.bird: ~9 rows (approximately)


INSERT IGNORE INTO `bird` (`id`, `photo`, `soundURL`, `name`, `flightMode`, `flightPattern`, `basicColor`, `headColor`, `headColorCheek`, `headColorForehead`, `headColorBack`, `headColorNeck`, `wingsColor`, `wingsColorAbove`, `wingsColorBelow`, `wingsColorPattern`, `tailColor`, `tailColorAbove`, `tailColorBelow`, `tailColorPattern`, `chestColor`, `chestColorPattern`) VALUES
	(1, 'https://www.rspb.org.uk/globalassets/images/birds-and-wildlife/bird-species-illustrations/great-tit_adult_1200x675.jpg?preset=landscape_mobile', 'http://192.168.55.249:8080/files/file/0fb80387-4b23-4a19-a8fe-bcaed31a56ab.mp3', 'Great Tit', 'single', 'stright', 'darkgrey', 'black', 'white', 'black', 'black', 'black', 'darkgrey', 'darkgrey', 'white', '', 'grey', 'grey', 'white', '', 'yellow', ''),
	(2, 'https://www.rspb.org.uk/globalassets/images/birds-and-wildlife/bird-species-illustrations/blue-tit_adult_1200x675.jpg?preset=landscape_mobile', 'http://192.168.55.249:8080/files/file/04004ef6-ecb9-4839-9ed7-e33988bd9035.mp3', 'Blue Tit', 'single', 'stright', 'green', 'blue', 'white', 'blue', 'black', 'black', 'grey', 'grey', 'grey', '', 'grey', 'grey', 'yellow', '', 'yellow', ''),
	(3, 'https://www.rspb.org.uk/globalassets/images/birds-and-wildlife/bird-species-illustrations/goldfinch_adult_1200x675.jpg?preset=landscape_mobile', 'http://192.168.55.249:8080/files/file/ac1079c6-1eef-43de-ad6d-e523734833e4.mp3', 'European goldfinch', 'single', '', 'ivory', 'black', 'white', 'red', 'grey', 'grey', 'black', 'yellow', 'white', '', 'black', 'black', 'white', '', 'white', ''),
	(4, 'https://www.rspb.org.uk/globalassets/images/birds-and-wildlife/bird-species-illustrations/chiffchaff_1200x675.jpg?preset=landscape_mobile', 'http://192.168.55.249:8080/files/file/814907b7-b4df-448c-8ee7-e0e9b13a461d.mp3', 'Common chiffchaff', 'single', 'bound', 'olive', 'olive', 'beige', 'beige', 'beige', 'beige', 'khaki', 'khaki', '', '', 'darkgrey', 'darkgrey', 'white', '', 'ivory', ''),
	(5, 'https://www.rspb.org.uk/globalassets/images/birds-and-wildlife/bird-species-illustrations/garden-warbler_1200x675.jpg?preset=landscape_mobile', 'http://192.168.55.249:8080/files/file/643e0167-7442-4bfd-a6c9-716733e933eb.mp3', 'Garden warbler', '', '', 'beige', 'beige', 'lightgrey', 'beige', 'beige', 'lightgrey', 'beige', 'beige', 'beige', '', 'beige', 'beige', 'lightgrey', '', 'lightgrey', ''),
	(6, 'https://www.rspb.org.uk/globalassets/images/birds-and-wildlife/bird-species-illustrations/blackcap_male_1200x675.jpg?preset=largelandscape_desktop', 'http://192.168.55.249:8080/files/file/c64c6a78-acb9-4c37-a8d2-c1285ab24768.mp3', 'Eurasian blackcap', '', '', 'darkgrey', 'black', 'white', 'black', 'black', 'white', 'darkgrey', 'darkgrey', 'lightgrey', '', 'darkgrey', 'darkgrey', 'lightgrey', '', 'lightgrey', ''),
	(7, 'https://assets.whatbird.com/api/image/birds_uk/image/44886?x=250', 'http://192.168.55.249:8080/files/file/5d0fb7b7-a348-4d77-8fda-d9ae3fc2af21.mp3', 'Barred warbler', '', '', 'darkgrey', 'grey', 'grey', 'grey', 'grey', 'lightgrey', 'darkgrey', 'darkgrey', 'lightgrey', '', 'darkgrey', 'darkgrey', 'lightgrey', '', 'lightgrey', 'dotted'),
	(8, 'https://www.rspb.org.uk/globalassets/images/birds-and-wildlife/bird-species-illustrations/whitethroat_female_1200x675.jpg?preset=largelandscape_desktop', 'http://192.168.55.249:8080/files/file/a1be075b-6d89-412f-8310-a71d803d41e5.mp3', 'Common whitethroat', '', '', 'brown', 'grey', 'grey', 'grey', 'grey', 'white', 'darkgrey', 'beige', 'beige', '', 'brown', 'brown', 'lightgrey', '', 'lightolive', ''),
	(9, 'https://www.rspb.org.uk/globalassets/images/birds-and-wildlife/bird-species-illustrations/lesser-whitethroat_1200x675.jpg?preset=largelandscape_desktop', 'http://192.168.55.249:8080/files/file/7173870a-9c93-4f42-921c-4a96d54a0fea.mp3', 'Lesser whitethroat', '', '', 'lightgrey', 'grey', 'grey', 'grey', 'grey', 'white', 'grey', 'darkgrey', 'lightgrey', '', 'grey', 'grey', 'lightgrey', '', 'ivory', ''),
	(10, 'https://www.rspb.org.uk/globalassets/images/birds-and-wildlife/bird-species-illustrations/reed-warbler_1200x675.jpg?preset=largelandscape_desktop', 'http://192.168.55.249:8080/files/file/402954a7-8823-4b8d-a762-5558cf3a7c2c.mp3', 'Great reed warbler', '', '', 'beige', 'brown', 'ivory', 'brown', 'beige', 'lightgrey', 'brown', 'darkgrey', 'lightgrey', '', 'brown', 'brown', 'ivory', '', 'ivory', ''),
	(11, 'https://www.birdguides-cdn.com/cdn/taxonomy/assets/136093_P002_BlythsReedWblr.png?&width=640&height=480&bgcolor=ffffff&scale=canvas', 'http://192.168.55.249:8080/files/file/44257cba-acc7-4ef9-891f-b2d4a4a441ed.mp3', 'Blyth\'s reed warbler', '', '', 'beige', 'beige', 'beige', 'beige', 'beige', 'ivory', 'beige', 'beige', 'ivory', '', 'beige', 'brown', 'lightgrey', '', 'ivory', ''),
	(12, 'https://www.rspb.org.uk/globalassets/images/birds-and-wildlife/bird-species-illustrations/marsh-warbler_1200x675.jpg?preset=largelandscape_desktop', 'http://192.168.55.249:8080/files/file/496a0ef9-2ebe-4180-8fd2-2db473c0c69e.mp3', 'Marsh warbler', '', '', 'tan', 'tan', 'beige', 'brown', 'brown', 'white', 'brown', 'brown', 'lightgrey', '', 'tan', 'brown', 'white', '', 'palegolden', ''),
	(13, 'https://www.rspb.org.uk/globalassets/images/birds-and-wildlife/bird-species-illustrations/sedge-warbler_1200x675.jpg?preset=largelandscape_desktop', 'http://192.168.55.249:8080/files/file/8daa8dc5-4417-4391-b06f-30dca3af30b9.mp3', 'Sedge warbler', '', '', 'brown', 'brown', 'palegolden', 'brown', 'brown', 'white', 'brown', 'black', 'grey', 'striped', 'tan', 'brown', 'palegolden', '', 'palegolden', ''),
	(14, 'https://www.rspb.org.uk/globalassets/images/birds-and-wildlife/bird-species-illustrations/reed-warbler_1200x675.jpg?preset=largelandscape_desktop', 'http://192.168.55.249:8080/files/file/f4c0814d-a5c6-489a-af4b-e969254c05e3.mp3', 'Eurasian reed warbler', '', '', 'tan', 'brown', 'lightgrey', 'brown', 'brown', 'white', 'brown', 'brown', 'lightgrey', '', 'brown', 'brown', 'lightgrey', '', 'ivory', ''),
	(15, 'https://www.rspb.org.uk/globalassets/images/birds-and-wildlife/bird-species-illustrations/yellow-browed-warbler_1200x675.jpg?preset=largelandscape_desktop', 'http://192.168.55.249:8080/files/file/3f52fc5a-2268-42d7-ac63-7993d29aca7e.mp3', 'Yellow-browed warbler', '', '', 'lightgreen', 'olive', 'lightolive', 'lightolive', 'olive', 'white', 'green', 'black', 'lightgrey', 'striped', 'green', 'olive', 'lightgrey', 'striped', 'white', ''),
	(16, 'https://www.rspb.org.uk/globalassets/images/birds-and-wildlife/bird-species-illustrations/wood-warbler_1200x675.jpg?preset=largelandscape_desktop', 'http://192.168.55.249:8080/files/file/fa4e0fe8-4a0c-46ff-a8ab-f369e86fd9fd.mp3', 'Wood warbler', '', '', 'brown', 'darkkhaki', 'yellow', 'olive', 'olive', 'yellow', 'green', 'black', 'lightgrey', '', 'green', 'black', 'lightolive', '', 'yellow', ''),
	(17, 'https://www.birdguides-cdn.com/cdn/taxonomy/birds/136304000.png', 'http://192.168.55.249:8080/files/file/755f1c84-2695-4b8e-930a-8a1ea6cd59ea.mp3', 'Greenish warbler', '', '', 'green', 'olive', 'ivory', 'lightolive', 'olive', 'white', 'olive', 'olive', 'lightgrey', '', 'olive', 'black', 'ivory', '', 'white', ''),
	(18, 'https://www.rspb.org.uk/globalassets/images/birds-and-wildlife/bird-species-illustrations/willow-warbler_1200x675.jpg?preset=largelandscape_desktop', 'http://192.168.55.249:8080/files/file/042f0f38-3a47-4a16-b2cf-1c603583c388.mp3', 'Willow warbler', '', '', 'olive', 'olive', 'yellow', 'lightgreen', 'green', 'palegolden', 'green', 'olive', 'lightgrey', '', 'green', 'green', 'white', '', 'white', ''),
	(19, 'https://www.birdguides-cdn.com/cdn/taxonomy/assets/136117_P001_IcterineWarbler.png?&width=640&height=480&bgcolor=ffffff&scale=canvas', 'http://192.168.55.249:8080/files/file/1d1bb907-86d2-4f3a-bd2e-af3094a27d56.mp3', 'Icterine warbler', '', '', 'lightgrey', 'lightgrey', 'palegolden', 'lightgrey', 'grey', 'yellow', 'grey', 'darkgrey', 'white', 'striped', 'grey', 'darkgrey', 'yellow', '', 'yellowgreen', '');
INSERT INTO `location` (`id`, `location`) VALUES
	(1, 'garden'),
	(2, 'forest'),
	(3, 'field'),
	(4, 'bush');

INSERT INTO `bird_location` (`bird_id`, `location_id`) VALUES
	(1, 1),
	(1, 2),
	(2, 1),
	(3, 1),
	(3, 3),
	(5, 2),
	(5, 4),
	(6, 2),
	(6, 4),
	(7, 4),
	(8, 2),
	(8, 4),
	(9, 2),
	(9, 4),
	(10, 4),
	(11, 4),
	(12, 3),
	(12, 4),
	(13, 3),
	(13, 4),
	(14, 4),
	(15, 1),
	(15, 2),
	(15, 4),
	(16, 1),
	(16, 2),
	(17, 1),
	(17, 2),
	(18, 1),
	(18, 2),
	(18, 4),
	(19, 1),
	(19, 2),
	(19, 4);

	INSERT INTO `colors` (`key`, `text`) VALUES
    	('white', 'White'),
    	('beige', 'Beige'),
    	('brown', 'Brown'),
    	('tan', 'Tan'),
    	('black', 'Black'),
    	('blue', 'Blue'),
    	('turquoise', 'Turquoise'),
    	('red', 'Red'),
    	('darkred', 'Dark red'),
    	('coral', 'Coral'),
    	('pink', 'Pink'),
    	('khaki', 'Khaki'),
    	('darkkhaki', 'Dark khaki'),
    	('olive', 'Olive'),
    	('darkolive', 'Dark olive'),
    	('lightolive', 'Light olive'),
    	('silver', 'Silver'),
    	('golden', 'Golden'),
    	('palegolden', 'Pale golden'),
    	('yellow', 'Yellow'),
        ('yellowgreen', 'Yellow green'),
    	('green', 'Green'),
    	('lightgreen', 'Light green'),
    	('grey', 'Grey'),
    	('darkgrey', 'Dark grey'),
    	('lightgrey', 'Light grey'),
    	('ivory', 'Ivory');
